season,wins,losses,win_pct,pace
1999-00,15,67,0.18292682926829268,93.9
2000-01,31,51,0.3780487804878049,89.6
2001-02,39,43,0.47560975609756095,90.1
2002-03,27,55,0.32926829268292684,91.3
2003-04,28,54,0.34146341463414637,91
2004-05,37,45,0.45121951219512196,89.1
2005-06,47,35,0.573170731707317,91.7
2006-07,40,42,0.4878048780487805,90.8
2007-08,23,59,0.2804878048780488,92.1
2008-09,19,63,0.23170731707317074,92.1
2009-10,29,53,0.35365853658536583,92.6
2010-11,32,50,0.3902439024390244,92.8
2011-12,40,26,0.6060606060606061,89.2
2012-13,56,26,0.6829268292682927,91.1
2013-14,57,25,0.6951219512195121,95.9
2014-15,56,26,0.6829268292682927,94.7
2015-16,53,29,0.6463414634146342,95.8
2016-17,51,31,0.6219512195121951,96.1
