season,home_attendance,home_attendance_pg
1999-00,559714,13651.560975609756
2000-01,599448,14620.682926829268
2001-02,740185,18053.29268292683
2002-03,706471,17231
2003-04,646034,15756.926829268292
2004-05,696181,16980.024390243903
2005-06,712409,17375.829268292684
2006-07,755261,18421
2007-08,692408,16888
2008-09,646830,15776.341463414634
2009-10,670063,16343
2010-11,727462,17742.975609756097
2011-12,634237,19219.303030303032
2012-13,788293,19226.658536585364
2013-14,787692,19212
2014-15,785892,19168.09756097561
2015-16,786910,19192.926829268294
2016-17,782609,19088.024390243903
