year,team,value,cpi,real_value
1999,Clippers,102,166.6,150.07346938775513
1999,Lakers,268.6,166.6,395.19346938775516
2000,Clippers,103,172.2,146.61649245063882
2000,Lakers,282,172.2,401.4160278745645
2001,Clippers,154,177.1,213.14782608695654
2001,Lakers,360,177.1,498.2676453980802
2002,Clippers,170,179.9,231.63090605892162
2002,Lakers,403,179.9,549.1015008337965
2003,Clippers,205,184,273.09565217391304
2003,Lakers,426,184,567.5060869565217
2004,Clippers,208,188.9,269.9044997353097
2004,Lakers,447,188.9,580.0351508734781
2005,Clippers,224,195.3,281.1412186379928
2005,Lakers,510,195.3,640.0983102918586
2006,Clippers,248,201.6,301.536507936508
2006,Lakers,529,201.6,643.1968253968255
2007,Clippers,285,207.342,336.9273953178806
2007,Lakers,568,207.342,671.4903878616007
2008,Clippers,294,215.303,334.71563331676754
2008,Lakers,560,215.303,637.5535872700334
2009,Clippers,297,214.537,339.33838918228554
2009,Lakers,584,214.537,667.2512433752686
2010,Clippers,295,218.056,331.61389734747036
2010,Lakers,607,218.056,682.3377481014052
2011,Clippers,305,224.939,332.3638853200201
2011,Lakers,643,224.939,700.6884533140095
2012,Clippers,324,229.594,345.9100847583125
2012,Lakers,900,229.594,960.861346550868
2013,Clippers,430,232.957,452.4508814931511
2013,Lakers,1000,232.957,1052.2113523096536
2014,Clippers,575,236.736,595.3636117869695
2014,Lakers,1350,236.736,1397.8102189781023
2015,Clippers,1600,237.017,1654.6998738487111
2015,Lakers,2600,237.017,2688.8872950041555
2016,Clippers,2000,240.007,2042.6070906265234
2016,Lakers,2700,240.007,2757.519572345807
2017,Clippers,2000,245.12,2000
2017,Lakers,3000,245.12,3000
