team,season,wins,losses,games,win_pct,pace,made_dunks,dunks_pg,home_attendance,home_attendance_pg
Atlanta Hawks,2014-15,60,22,82,0.7317073170731707,93.9,225,2.7439024390243905,713909,17412.414634146342
Boston Celtics,2014-15,40,42,82,0.4878048780487805,95.8,267,3.2560975609756095,721350,17593.90243902439
Brooklyn Nets,2014-15,38,44,82,0.4634146341463415,92.7,243,2.9634146341463414,698529,17037.29268292683
Charlotte Hornets,2014-15,33,49,82,0.4024390243902439,93,202,2.4634146341463414,704886,17192.341463414636
Chicago Bulls,2014-15,50,32,82,0.6097560975609756,92.8,237,2.8902439024390243,875091,21343.682926829268
Cleveland Cavaliers,2014-15,53,29,82,0.6463414634146342,92.3,393,4.7926829268292686,843042,20562
Dallas Mavericks,2014-15,50,32,82,0.6097560975609756,95.2,364,4.439024390243903,827702,20187.853658536584
Denver Nuggets,2014-15,30,52,82,0.36585365853658536,96.1,358,4.365853658536586,602707,14700.170731707318
Detroit Pistons,2014-15,32,50,82,0.3902439024390244,92.8,273,3.3292682926829267,625917,15266.268292682927
Golden State Warriors,2014-15,67,15,82,0.8170731707317073,98.3,396,4.829268292682927,803436,19596
Houston Rockets,2014-15,56,26,82,0.6829268292682927,96.5,361,4.402439024390244,747412,18229.560975609755
Indiana Pacers,2014-15,38,44,82,0.4634146341463415,93.2,155,1.8902439024390243,691434,16864.243902439026
Los Angeles Clippers,2014-15,56,26,82,0.6829268292682927,94.7,386,4.7073170731707314,785892,19168.09756097561
Los Angeles Lakers,2014-15,21,61,82,0.25609756097560976,94,276,3.3658536585365852,768244,18737.658536585364
Memphis Grizzlies,2014-15,55,27,82,0.6707317073170732,92,173,2.1097560975609757,710502,17329.317073170732
Miami Heat,2014-15,37,45,82,0.45121951219512196,90.9,277,3.3780487804878048,808223,19712.756097560974
Milwaukee Bucks,2014-15,41,41,82,0.5,94.1,320,3.902439024390244,611226,14907.951219512195
Minnesota Timberwolves,2014-15,16,66,82,0.1951219512195122,94.4,332,4.048780487804878,595652,14528.09756097561
New Orleans Pelicans,2014-15,45,37,82,0.5487804878048781,91.4,313,3.817073170731707,683757,16677
New York Knicks,2014-15,17,65,82,0.2073170731707317,91.2,213,2.597560975609756,812292,19812
Oklahoma City Thunder,2014-15,45,37,82,0.5487804878048781,95.7,328,4,746323,18203
Orlando Magic,2014-15,25,57,82,0.3048780487804878,93.8,315,3.841463414634146,688194,16785.219512195123
Philadelphia 76ers,2014-15,18,64,82,0.21951219512195122,95.7,318,3.8780487804878048,571572,13940.780487804877
Phoenix Suns,2014-15,39,43,82,0.47560975609756095,96.3,291,3.548780487804878,693862,16923.463414634145
Portland Trail Blazers,2014-15,51,31,82,0.6219512195121951,94.2,227,2.768292682926829,801733,19554.463414634145
Sacramento Kings,2014-15,29,53,82,0.35365853658536583,95.4,391,4.7682926829268295,680049,16586.560975609755
San Antonio Spurs,2014-15,55,27,82,0.6707317073170732,93.8,172,2.097560975609756,762855,18606.219512195123
Toronto Raptors,2014-15,49,33,82,0.5975609756097561,92.8,259,3.158536585365854,809824,19751.80487804878
Utah Jazz,2014-15,38,44,82,0.4634146341463415,90.4,401,4.890243902439025,772059,18830.70731707317
Washington Wizards,2014-15,46,36,82,0.5609756097560976,93.7,327,3.9878048780487805,747796,18238.926829268294
Atlanta Hawks,2015-16,48,34,82,0.5853658536585366,97.1,222,2.707317073170732,690150,16832.926829268294
Boston Celtics,2015-16,48,34,82,0.5853658536585366,98.5,169,2.0609756097560976,749076,18270.146341463416
Brooklyn Nets,2015-16,21,61,82,0.25609756097560976,95.2,202,2.4634146341463414,620142,15125.414634146342
Charlotte Hornets,2015-16,48,34,82,0.5853658536585366,95.6,177,2.158536585365854,716894,17485.219512195123
Chicago Bulls,2015-16,42,40,82,0.5121951219512195,95.7,255,3.1097560975609757,894659,21820.951219512193
Cleveland Cavaliers,2015-16,57,25,82,0.6951219512195121,93.3,358,4.365853658536586,843042,20562
Dallas Mavericks,2015-16,42,40,82,0.5121951219512195,94.3,214,2.6097560975609757,825901,20143.926829268294
Denver Nuggets,2015-16,33,49,82,0.4024390243902439,95.7,356,4.341463414634147,577898,14095.073170731708
Detroit Pistons,2015-16,44,38,82,0.5365853658536586,95.1,232,2.8292682926829267,677138,16515.560975609755
Golden State Warriors,2015-16,73,9,82,0.8902439024390244,99.3,402,4.902439024390244,803436,19596
Houston Rockets,2015-16,41,41,82,0.5,97.6,442,5.390243902439025,737244,17981.560975609755
Indiana Pacers,2015-16,45,37,82,0.5487804878048781,96.6,245,2.9878048780487805,690733,16847.146341463416
Los Angeles Clippers,2015-16,53,29,82,0.6463414634146342,95.8,346,4.219512195121951,786910,19192.926829268294
Los Angeles Lakers,2015-16,17,65,82,0.2073170731707317,95.6,307,3.7439024390243905,778877,18997
Memphis Grizzlies,2015-16,42,40,82,0.5121951219512195,93.3,218,2.658536585365854,684603,16697.634146341465
Miami Heat,2015-16,48,34,82,0.5853658536585366,93.6,341,4.158536585365853,809350,19740.243902439026
Milwaukee Bucks,2015-16,33,49,82,0.4024390243902439,94.2,446,5.439024390243903,621808,15166.048780487805
Minnesota Timberwolves,2015-16,29,53,82,0.35365853658536583,95.2,376,4.585365853658536,581178,14175.073170731708
New Orleans Pelicans,2015-16,30,52,82,0.36585365853658536,96.8,369,4.5,688549,16793.878048780487
New York Knicks,2015-16,32,50,82,0.3902439024390244,93.4,200,2.4390243902439024,812292,19812
Oklahoma City Thunder,2015-16,55,27,82,0.6707317073170732,96.7,447,5.451219512195122,746323,18203
Orlando Magic,2015-16,35,47,82,0.4268292682926829,96,284,3.4634146341463414,719275,17543.29268292683
Philadelphia 76ers,2015-16,10,72,82,0.12195121951219512,97.9,377,4.597560975609756,610121,14881
Phoenix Suns,2015-16,23,59,82,0.2804878048780488,98.5,351,4.280487804878049,701405,17107.439024390245
Portland Trail Blazers,2015-16,44,38,82,0.5365853658536586,96,328,4,794085,19367.926829268294
Sacramento Kings,2015-16,33,49,82,0.4024390243902439,100,374,4.560975609756097,707526,17256.731707317074
San Antonio Spurs,2015-16,67,15,82,0.8170731707317073,93.8,206,2.5121951219512195,756445,18449.878048780487
Toronto Raptors,2015-16,56,26,82,0.6829268292682927,92.9,265,3.231707317073171,812863,19825.926829268294
Utah Jazz,2015-16,40,42,82,0.4878048780487805,91,363,4.426829268292683,791489,19304.60975609756
Washington Wizards,2015-16,41,41,82,0.5,98.5,254,3.097560975609756,725426,17693.317073170732
Atlanta Hawks,2016-17,43,39,82,0.524390243902439,97.4,341,4.158536585365853,654306,15958.682926829268
Boston Celtics,2016-17,53,29,82,0.6463414634146342,96.8,211,2.573170731707317,760690,18553.414634146342
Brooklyn Nets,2016-17,20,62,82,0.24390243902439024,101.3,225,2.7439024390243905,632608,15429.463414634147
Charlotte Hornets,2016-17,36,46,82,0.43902439024390244,95.7,218,2.658536585365854,710643,17332.756097560974
Chicago Bulls,2016-17,41,41,82,0.5,95.3,248,3.024390243902439,888882,21680.048780487807
Cleveland Cavaliers,2016-17,51,31,82,0.6219512195121951,96.2,381,4.646341463414634,843042,20562
Dallas Mavericks,2016-17,33,49,82,0.4024390243902439,92.2,237,2.8902439024390243,811366,19789.414634146342
Denver Nuggets,2016-17,40,42,82,0.4878048780487805,98.3,347,4.2317073170731705,605585,14770.365853658537
Detroit Pistons,2016-17,37,45,82,0.45121951219512196,95,283,3.451219512195122,655141,15979.048780487805
Golden State Warriors,2016-17,67,15,82,0.8170731707317073,99.8,500,6.097560975609756,803436,19596
Houston Rockets,2016-17,55,27,82,0.6707317073170732,100,483,5.890243902439025,695903,16973.243902439026
Indiana Pacers,2016-17,42,40,82,0.5121951219512195,95.9,223,2.7195121951219514,684578,16697.024390243903
Los Angeles Clippers,2016-17,51,31,82,0.6219512195121951,96.1,414,5.048780487804878,782609,19088.024390243903
Los Angeles Lakers,2016-17,26,56,82,0.3170731707317073,98.5,358,4.365853658536586,776917,18949.19512195122
Memphis Grizzlies,2016-17,43,39,82,0.524390243902439,92.3,203,2.475609756097561,677314,16519.853658536584
Miami Heat,2016-17,41,41,82,0.5,95.2,350,4.2682926829268295,805400,19643.90243902439
Milwaukee Bucks,2016-17,42,40,82,0.5121951219512195,94.5,448,5.463414634146342,648952,15828.09756097561
Minnesota Timberwolves,2016-17,31,51,82,0.3780487804878049,94.6,382,4.658536585365853,607203,14809.829268292682
New Orleans Pelicans,2016-17,34,48,82,0.4146341463414634,98,313,3.817073170731707,663099,16173.146341463415
New York Knicks,2016-17,31,51,82,0.3780487804878049,96,267,3.2560975609756095,810741,19774.170731707316
Oklahoma City Thunder,2016-17,47,35,82,0.573170731707317,97.8,401,4.890243902439025,746323,18203
Orlando Magic,2016-17,29,53,82,0.35365853658536583,96.8,272,3.317073170731707,727875,17753.048780487807
Philadelphia 76ers,2016-17,28,54,82,0.34146341463414637,98.5,301,3.6707317073170733,710557,17330.658536585364
Phoenix Suns,2016-17,24,58,82,0.2926829268292683,100.3,358,4.365853658536586,708639,17283.878048780487
Portland Trail Blazers,2016-17,41,41,82,0.5,96.7,306,3.731707317073171,792029,19317.780487804877
Sacramento Kings,2016-17,32,50,82,0.3902439024390244,94.9,309,3.768292682926829,721928,17608
San Antonio Spurs,2016-17,61,21,82,0.7439024390243902,94.2,292,3.5609756097560976,755347,18423.09756097561
Toronto Raptors,2016-17,51,31,82,0.6219512195121951,94.7,256,3.1219512195121952,813050,19830.48780487805
Utah Jazz,2016-17,51,31,82,0.6219512195121951,91.6,416,5.073170731707317,806605,19673.29268292683
Washington Wizards,2016-17,49,33,82,0.5975609756097561,97.4,302,3.682926829268293,697107,17002.60975609756